orginal_id,new_id
3465,1
936,2
5232,3
8578,4
10309,5
15930,6
17037,7
18719,8
19606,9
1853,10
4582,11
9571,12
10840,13
13055,14
14981,15
16309,16
19639,17
23854,18
24371,19
24813,20
5051,21
898,22
1795,23
2286,24
3095,25
3385,26
4471,27
5345,28
5739,29
6093,30
6375,31
9123,32
10234,33
10426,34
10596,35
15158,36
16147,37
16740,38
18234,39
18548,40
19296,41
20510,42
20594,43
20612,44
24370,45
24558,46
24730,47
25101,48
25270,49
25395,50
1657,51
4821,52
6863,53
7688,54
7925,55
10267,56
12970,57
18599,58
20420,59
20885,60
21047,61
22392,62
23185,63
23213,64
23297,65
23944,66
24938,67
338,68
623,69
3730,70
4742,71
5406,72
6609,73
6699,74
8044,75
9098,76
9638,77
9784,78
12140,79
15183,80
15783,81
18718,82
19869,83
20531,84
22526,85
23575,86
23576,87
23648,88
24198,89
24292,90
25200,91
10242,92
6773,93
8048,94
8052,95
8516,96
11963,97
15537,98
16693,99
18647,100
19422,101
21011,102
22456,103
22690,104
23451,105
16173,106
16469,107
17821,108
14264,109
391,110
2484,111
2948,112
3172,113
3440,114
3592,115
3852,116
3926,117
3936,118
3938,119
5106,120
5217,121
5229,122
6029,123
7349,124
7503,125
7600,126
8717,127
9521,128
11620,129
12497,130
12690,131
15250,132
16019,133
16260,134
17155,135
17625,136
18621,137
19058,138
19524,139
19737,140
20121,141
20431,142
21865,143
22073,144
23720,145
8915,146
13555,147
14484,148
8611,149
614,150
742,151
2075,152
4514,153
5772,154
9481,155
10821,156
11174,157
11603,158
14003,159
15002,160
15551,161
15813,162
16082,163
17931,164
20000,165
20099,166
23480,167
16257,168
1355,169
1726,170
2751,171
4124,172
6666,173
6824,174
10038,175
10350,176
11081,177
14122,178
16675,179
21193,180
10911,181
14533,182
17267,183
19782,184
21704,185
22835,186
2709,187
61,188
105,189
259,190
2958,191
3676,192
4707,193
5171,194
5540,195
5793,196
5806,197
6574,198
8457,199
10600,200
11400,201
13025,202
13204,203
13658,204
13988,205
14006,206
14008,207
14598,208
15300,209
18756,210
20933,211
21542,212
22183,213
23646,214
23707,215
25915,216
26022,217
26050,218
26099,219
213,220
5434,221
6511,222
10589,223
23558,224
1764,225
3031,226
5301,227
7382,228
7441,229
7767,230
13275,231
17265,232
22414,233
10793,234
7049,235
25849,236
10112,237
10656,238
12129,239
17171,240
4845,241
675,242
823,243
2132,244
2653,245
4747,246
5671,247
10548,248
12927,249
13219,250
14418,251
17329,252
17438,253
18486,254
20849,255
22778,256
23381,257
24028,258
11784,259
44,260
45,261
569,262
772,263
1652,264
2211,265
2740,266
2951,267
3371,268
4045,269
4163,270
4510,271
4512,272
5261,273
6178,274
6829,275
7955,276
8878,277
11240,278
11471,279
12364,280
12495,281
12677,282
12780,283
12850,284
14539,285
14806,286
15658,287
16158,288
17654,289
17691,290
18893,291
19960,292
20107,293
20561,294
20634,295
21280,296
21507,297
21846,298
22797,299
22886,300
23292,301
24954,302
25345,303
25757,304
933,305
5578,306
9754,307
10549,308
16031,309
17330,310
17602,311
20643,312
22496,313
23386,314
23906,315
24923,316
25079,317
12421,318
1338,319
3163,320
15579,321
16392,322
20477,323
20955,324
3889,325
5620,326
8823,327
11612,328
12305,329
12859,330
14546,331
18181,332
21706,333
24695,334
2660,335
7898,336
8066,337
8207,338
11131,339
11401,340
12979,341
13363,342
14968,343
16388,344
18108,345
18364,346
23037,347
24844,348
25378,349
13739,350
4549,351
4701,352
7263,353
13095,354
14127,355
19488,356
19526,357
19783,358
22475,359
25005,360
25485,361
25,362
1406,363
1487,364
8218,365
10761,366
11800,367
12664,368
12687,369
13141,370
15107,371
15320,372
20646,373
20826,374
20878,375
23613,376
3908,377
17978,378
3871,379
5108,380
7532,381
12408,382
20100,383
23095,384
8861,385
77,386
4876,387
7458,388
8253,389
12154,390
22597,391
24931,392
887,393
1519,394
6467,395
6626,396
7006,397
7711,398
10710,399
13613,400
14101,401
18516,402
18675,403
23350,404
23688,405
24113,406
2464,407
2591,408
3976,409
5054,410
5992,411
9264,412
12333,413
19889,414
20340,415
21559,416
17308,417
24832,418
542,419
1957,420
2192,421
3916,422
6857,423
8147,424
9091,425
12477,426
15365,427
18124,428
18397,429
19674,430
21805,431
23692,432
26195,433
10114,434
10133,435
23915,436
7892,437
592,438
5509,439
9359,440
12626,441
16777,442
18036,443
18050,444
13384,445
19577,446
12385,447
13332,448
23895,449
8977,450
9016,451
15169,452
15454,453
16588,454
2254,455
3055,456
6157,457
7306,458
7323,459
8364,460
9022,461
11443,462
12323,463
12471,464
13830,465
14745,466
16127,467
17074,468
18874,469
19899,470
19999,471
20805,472
21943,473
21967,474
23301,475
23664,476
23757,477
24721,478
12044,479
12286,480
14180,481
20256,482
21612,483
7509,484
196,485
8850,486
1342,487
2990,488
8298,489
15415,490
18087,491
25285,492
1253,493
3419,494
10129,495
2249,496
3242,497
7716,498
7984,499
11014,500
12084,501
13713,502
14766,503
16055,504
16993,505
17413,506
18970,507
19215,508
20533,509
21775,510
21859,511
25204,512
177,513
1247,514
1402,515
2367,516
2419,517
16209,518
18680,519
20640,520
24761,521
2306,522
6933,523
22422,524
230,525
344,526
1185,527
1233,528
1840,529
1996,530
2403,531
2449,532
2979,533
3408,534
5133,535
5577,536
8502,537
9340,538
9888,539
12502,540
13059,541
13596,542
16610,543
18207,544
18542,545
18865,546
22420,547
22936,548
23362,549
23627,550
25052,551
25250,552
2981,553
4035,554
4114,555
12937,556
13031,557
19214,558
21431,559
22725,560
22833,561
22965,562
23510,563
25527,564
25835,565
14375,566
8709,567
22482,568
1374,569
2845,570
5554,571
5563,572
5786,573
9720,574
10157,575
10941,576
13599,577
13928,578
21074,579
21315,580
22899,581
23636,582
23769,583
25142,584
25600,585
25979,586
17393,587
18923,588
3112,589
8311,590
10764,591
17537,592
25977,593
1171,594
5673,595
26193,596
374,597
1837,598
12732,599
7187,600
895,601
920,602
1507,603
6814,604
7208,605
8278,606
13007,607
18604,608
21157,609
4631,610
7843,611
11052,612
11147,613
13410,614
14511,615
16593,616
16721,617
16725,618
16875,619
19953,620
19991,621
20390,622
20773,623
23402,624
4869,625
5174,626
8281,627
22045,628
2448,629
4765,630
3560,631
4867,632
8351,633
10455,634
15364,635
16930,636
8156,637
2119,638
7712,639
19051,640
8301,641
16483,642
17777,643
2555,644
19158,645
21698,646
25381,647
8700,648
522,649
5463,650
7773,651
17378,652
18007,653
23384,654
25867,655
26169,656
1309,657
2921,658
3650,659
6890,660
10161,661
10619,662
11111,663
13173,664
14863,665
17535,666
23152,667
24339,668
11101,669
18591,670
22764,671
1895,672
6837,673
25219,674
4179,675
10054,676
12636,677
1831,678
4382,679
7013,680
9396,681
14343,682
14384,683
21378,684
24162,685
4415,686
9240,687
2619,688
3678,689
4363,690
5711,691
13954,692
14002,693
15234,694
18226,695
19444,696
19494,697
20167,698
23966,699
1115,700
15398,701
18221,702
21286,703
23226,704
4623,705
5354,706
6862,707
12605,708
12967,709
15769,710
21321,711
22264,712
22335,713
23098,714
23879,715
25110,716
4318,717
12757,718
22022,719
14336,720
5848,721
10762,722
11120,723
11193,724
15798,725
16510,726
16574,727
16944,728
21156,729
2325,730
10252,731
13189,732
14324,733
19047,734
20181,735
3594,736
18173,737
17849,738
20619,739
12379,740
3196,741
6159,742
8588,743
9416,744
9828,745
14637,746
14923,747
15971,748
17227,749
18939,750
19089,751
19474,752
20206,753
22643,754
22789,755
24000,756
25227,757
9709,758
3344,759
3429,760
5265,761
5994,762
7998,763
8046,764
8177,765
8867,766
10823,767
15143,768
19106,769
19805,770
22438,771
23303,772
24430,773
11076,774
10210,775
14971,776
15299,777
17157,778
17161,779
17402,780
20148,781
20518,782
21388,783
22950,784
23911,785
23917,786
25588,787
6894,788
3075,789
7443,790
8971,791
17307,792
20573,793
21628,794
244,795
4982,796
13479,797
14561,798
15911,799
16975,800
19973,801
22244,802
413,803
8707,804
23775,805
1043,806
4974,807
5808,808
12586,809
16122,810
20302,811
4450,812
9982,813
15204,814
15665,815
15666,816
19092,817
21030,818
24329,819
5839,820
6731,821
8613,822
13846,823
15080,824
22608,825
3309,826
5142,827
9734,828
17395,829
26137,830
4699,831
5605,832
1385,833
1737,834
2565,835
2719,836
5633,837
9869,838
16778,839
24474,840
25930,841
1816,842
3724,843
5365,844
15910,845
9799,846
26140,847
18000,848
22176,849
25479,850
1424,851
2500,852
2822,853
5135,854
7104,855
7316,856
9126,857
14614,858
17088,859
19453,860
22757,861
23840,862
3206,863
7124,864
20682,865
25418,866
2590,867
8931,868
9187,869
9772,870
13712,871
19178,872
14817,873
26189,874
3838,875
13614,876
16673,877
7041,878
9268,879
11660,880
21993,881
9942,882
10095,883
15613,884
16367,885
17284,886
21406,887
8714,888
21141,889
21166,890
13620,891
25387,892
283,893
6426,894
16834,895
18676,896
21695,897
25853,898
25939,899
9484,900
10434,901
14697,902
21822,903
810,904
9963,905
11918,906
15122,907
17020,908
19516,909
22988,910
23484,911
8068,912
2126,913
11711,914
10870,915
15828,916
16105,917
17206,918
17669,919
18285,920
18611,921
19233,922
19723,923
22875,924
3411,925
893,926
4813,927
5440,928
5716,929
5933,930
9074,931
10622,932
11222,933
11490,934
12658,935
14350,936
19806,937
21323,938
21664,939
22733,940
22777,941
23245,942
25697,943
7614,944
12805,945
1619,946
3921,947
9132,948
9894,949
9906,950
11790,951
18456,952
19130,953
19996,954
21490,955
22425,956
22790,957
25157,958
25315,959
351,960
3995,961
10554,962
15849,963
19100,964
20532,965
21942,966
22602,967
23512,968
25033,969
1279,970
5850,971
11590,972
13519,973
16920,974
21645,975
17558,976
1673,977
3322,978
8679,979
9183,980
13812,981
19203,982
19205,983
19656,984
20372,985
23203,986
408,987
2473,988
4240,989
6745,990
10475,991
16567,992
21770,993
24619,994
2080,995
2663,996
12211,997
13527,998
14627,999
22573,1000
25871,1001
1544,1002
2201,1003
15205,1004
17232,1005
18157,1006
21316,1007
24270,1008
8546,1009
10790,1010
10918,1011
11274,1012
15599,1013
15607,1014
16643,1015
24567,1016
25995,1017
26097,1018
1058,1019
6153,1020
7724,1021
11124,1022
13704,1023
15434,1024
16038,1025
17820,1026
18539,1027
20535,1028
23528,1029
10587,1030
3915,1031
4524,1032
4951,1033
5351,1034
5728,1035
10489,1036
12100,1037
13800,1038
15310,1039
21753,1040
23133,1041
24613,1042
4492,1043
14626,1044
23719,1045
929,1046
3945,1047
4759,1048
17188,1049
10462,1050
10525,1051
11787,1052
17745,1053
18188,1054
21437,1055
22610,1056
26037,1057
4194,1058
7068,1059
9097,1060
17720,1061
21722,1062
24586,1063
7894,1064
11862,1065
12109,1066
999,1067
1148,1068
1693,1069
2114,1070
4574,1071
5604,1072
6287,1073
12015,1074
12069,1075
13468,1076
16100,1077
18249,1078
20666,1079
20715,1080
23106,1081
23343,1082
23938,1083
25401,1084
25947,1085
6962,1086
8373,1087
17464,1088
19864,1089
3005,1090
3629,1091
5900,1092
5952,1093
7910,1094
8729,1095
10405,1096
12873,1097
13176,1098
16816,1099
19722,1100
24884,1101
13652,1102
22598,1103
3264,1104
3997,1105
8512,1106
10500,1107
13028,1108
13621,1109
13681,1110
16323,1111
16639,1112
16748,1113
26058,1114
26064,1115
579,1116
6430,1117
1876,1118
2041,1119
15879,1120
16966,1121
19709,1122
20013,1123
23162,1124
23224,1125
3682,1126
3844,1127
6747,1128
14663,1129
16064,1130
16962,1131
20649,1132
3803,1133
4031,1134
5193,1135
23136,1136
11494,1137
12841,1138
494,1139
2741,1140
3964,1141
5621,1142
7854,1143
8927,1144
8967,1145
9457,1146
17967,1147
18374,1148
8334,1149
1103,1150
5426,1151
13321,1152
13528,1153
18618,1154
18750,1155
6493,1156
2525,1157
6363,1158
6856,1159
7852,1160
14975,1161
24780,1162
320,1163
21852,1164
883,1165
5468,1166
5574,1167
10182,1168
10965,1169
16623,1170
24698,1171
14307,1172
5165,1173
5596,1174
9065,1175
20786,1176
23835,1177
25049,1178
5286,1179
17272,1180
9282,1181
952,1182
17793,1183
113,1184
2347,1185
6630,1186
8853,1187
4289,1188
8199,1189
11112,1190
12301,1191
21016,1192
23296,1193
6354,1194
7193,1195
20959,1196
7541,1197
15321,1198
18414,1199
23065,1200
3764,1201
14499,1202
17917,1203
3417,1204
4797,1205
12865,1206
20195,1207
2003,1208
21190,1209
21662,1210
14019,1211
22202,1212
1599,1213
15904,1214
21634,1215
16542,1216
237,1217
4792,1218
6217,1219
15515,1220
16552,1221
16562,1222
16564,1223
22963,1224
8441,1225
10411,1226
8886,1227
6071,1228
490,1229
1123,1230
1817,1231
4551,1232
5738,1233
6822,1234
7881,1235
13327,1236
17038,1237
17081,1238
22027,1239
23453,1240
3680,1241
7125,1242
3546,1243
448,1244
881,1245
1404,1246
1497,1247
3032,1248
3047,1249
3510,1250
7090,1251
14706,1252
17244,1253
18339,1254
6803,1255
12259,1256
19623,1257
22825,1258
25490,1259
25843,1260
6183,1261
19160,1262
21830,1263
87,1264
1994,1265
2337,1266
2529,1267
2534,1268
4354,1269
4754,1270
5209,1271
6339,1272
7196,1273
7634,1274
8726,1275
9312,1276
9655,1277
9868,1278
10349,1279
12506,1280
12709,1281
14647,1282
14765,1283
15009,1284
15243,1285
15244,1286
15456,1287
15932,1288
16653,1289
17806,1290
18224,1291
18452,1292
18777,1293
19113,1294
19445,1295
19644,1296
19938,1297
20345,1298
20575,1299
21177,1300
22503,1301
23711,1302
24452,1303
24717,1304
12307,1305
15934,1306
18275,1307
18903,1308
2189,1309
6171,1310
8591,1311
14932,1312
4248,1313
21717,1314
22289,1315
23440,1316
24112,1317
6420,1318
8223,1319
11181,1320
11695,1321
12285,1322
23422,1323
499,1324
2084,1325
2567,1326
3098,1327
4467,1328
4630,1329
9891,1330
10357,1331
10457,1332
10614,1333
11010,1334
12073,1335
13970,1336
14078,1337
16753,1338
18782,1339
19611,1340
20551,1341
20552,1342
21031,1343
23354,1344
24453,1345
25085,1346
25179,1347
25784,1348
10538,1349
4253,1350
9336,1351
1496,1352
6723,1353
16889,1354
2629,1355
7562,1356
14402,1357
17391,1358
23502,1359
2557,1360
21909,1361
18909,1362
2510,1363
10985,1364
13317,1365
14050,1366
14413,1367
22118,1368
1005,1369
4350,1370
11371,1371
16413,1372
638,1373
1940,1374
5226,1375
7014,1376
9646,1377
12851,1378
15845,1379
16332,1380
16346,1381
4575,1382
6940,1383
7205,1384
7484,1385
9388,1386
9425,1387
10245,1388
11025,1389
17952,1390
18945,1391
18982,1392
19012,1393
23457,1394
23985,1395
4696,1396
3006,1397
22081,1398
25536,1399
5694,1400
573,1401
6970,1402
13281,1403
15408,1404
18744,1405
18757,1406
21496,1407
22365,1408
23713,1409
1152,1410
17500,1411
4182,1412
6009,1413
9861,1414
12369,1415
16833,1416
16852,1417
16898,1418
21198,1419
22298,1420
22308,1421
22619,1422
20247,1423
12678,1424
572,1425
1429,1426
2071,1427
4965,1428
19492,1429
22277,1430
5768,1431
10895,1432
20914,1433
22847,1434
1346,1435
4781,1436
15581,1437
17471,1438
19706,1439
21929,1440
24834,1441
24958,1442
24008,1443
282,1444
1879,1445
5504,1446
15958,1447
15960,1448
24443,1449
14315,1450
14689,1451
22253,1452
748,1453
1372,1454
3606,1455
7244,1456
8030,1457
15906,1458
19163,1459
301,1460
2334,1461
6701,1462
11489,1463
16107,1464
17173,1465
17923,1466
3998,1467
8210,1468
12372,1469
20058,1470
2154,1471
4282,1472
6407,1473
7714,1474
8919,1475
23255,1476
2606,1477
3449,1478
4587,1479
5129,1480
5352,1481
5834,1482
9449,1483
12164,1484
12721,1485
20002,1486
20183,1487
24639,1488
4684,1489
15414,1490
24151,1491
8375,1492
8887,1493
13066,1494
4212,1495
7044,1496
11891,1497
20644,1498
23263,1499
10599,1500
13492,1501
13495,1502
18787,1503
18790,1504
23393,1505
139,1506
17303,1507
18586,1508
19403,1509
22461,1510
24121,1511
1077,1512
5163,1513
9386,1514
11639,1515
12544,1516
13370,1517
17115,1518
19740,1519
22148,1520
16330,1521
19183,1522
17842,1523
1684,1524
8133,1525
12686,1526
23408,1527
1320,1528
4432,1529
5124,1530
7624,1531
10894,1532
11898,1533
13710,1534
16161,1535
16474,1536
19166,1537
19386,1538
21088,1539
21726,1540
23862,1541
25564,1542
5059,1543
20659,1544
1607,1545
20029,1546
11446,1547
833,1548
2489,1549
5569,1550
15624,1551
15916,1552
18139,1553
18789,1554
24109,1555
4465,1556
8504,1557
16356,1558
20115,1559
20147,1560
22898,1561
25709,1562
4067,1563
9516,1564
11399,1565
11629,1566
11699,1567
11732,1568
11950,1569
12267,1570
14092,1571
15684,1572
16005,1573
16494,1574
17134,1575
20168,1576
22187,1577
22188,1578
22620,1579
22810,1580
22974,1581
23109,1582
23508,1583
23551,1584
23804,1585
23805,1586
25556,1587
25561,1588
7800,1589
14088,1590
14966,1591
25214,1592
11867,1593
24022,1594
2558,1595
5542,1596
5766,1597
10930,1598
24096,1599
14951,1600
16952,1601
20190,1602
25933,1603
10466,1604
13174,1605
20891,1606
21815,1607
25208,1608
14370,1609
17442,1610
140,1611
8407,1612
17285,1613
25826,1614
5245,1615
10523,1616
12336,1617
15418,1618
23,1619
3857,1620
15065,1621
23160,1622
25377,1623
204,1624
12388,1625
15717,1626
16505,1627
21649,1628
22501,1629
481,1630
3410,1631
4427,1632
5391,1633
6316,1634
7540,1635
15663,1636
16468,1637
17664,1638
20423,1639
24733,1640
8205,1641
12864,1642
13383,1643
17687,1644
3825,1645
12368,1646
13497,1647
19110,1648
22238,1649
19083,1650
23942,1651
74,1652
8806,1653
22529,1654
15352,1655
3448,1656
17949,1657
18521,1658
6708,1659
18002,1660
5544,1661
12134,1662
2474,1663
3208,1664
15972,1665
21927,1666
24764,1667
6218,1668
18159,1669
1832,1670
8176,1671
12106,1672
4818,1673
7862,1674
8595,1675
13634,1676
17847,1677
25151,1678
25407,1679
11890,1680
20242,1681
19232,1682
732,1683
20596,1684
3170,1685
19148,1686
19339,1687
7823,1688
8814,1689
12064,1690
14557,1691
15305,1692
15399,1693
22527,1694
22831,1695
10968,1696
13320,1697
16957,1698
19108,1699
23345,1700
2847,1701
4895,1702
8665,1703
10551,1704
12883,1705
18510,1706
25987,1707
22370,1708
11565,1709
11807,1710
18559,1711
15248,1712
15623,1713
1057,1714
2613,1715
3729,1716
7448,1717
10800,1718
14660,1719
21320,1720
22375,1721
24294,1722
5484,1723
23869,1724
6637,1725
17753,1726
25673,1727
9272,1728
9324,1729
2782,1730
9407,1731
12926,1732
13309,1733
6263,1734
7203,1735
12246,1736
19432,1737
18866,1738
24942,1739
730,1740
17358,1741
23557,1742
6827,1743
25318,1744
3952,1745
13195,1746
15567,1747
17162,1748
22953,1749
14605,1750
22143,1751
1839,1752
4712,1753
6823,1754
12491,1755
10477,1756
16674,1757
13858,1758
4140,1759
9266,1760
11051,1761
16090,1762
17754,1763
20052,1764
22394,1765
26167,1766
8377,1767
16606,1768
2053,1769
1551,1770
8718,1771
9759,1772
10354,1773
13740,1774
5115,1775
9628,1776
7086,1777
9983,1778
10152,1779
10542,1780
10966,1781
16335,1782
20434,1783
20478,1784
21432,1785
25568,1786
25782,1787
7038,1788
12165,1789
14969,1790
7276,1791
16765,1792
16769,1793
16857,1794
17112,1795
17388,1796
18407,1797
19088,1798
20032,1799
23428,1800
24577,1801
4723,1802
6903,1803
7451,1804
12490,1805
13368,1806
14345,1807
18064,1808
18270,1809
19243,1810
23988,1811
10982,1812
4641,1813
16707,1814
8230,1815
9615,1816
24148,1817
1518,1818
8767,1819
9936,1820
24269,1821
25434,1822
5180,1823
6315,1824
17234,1825
2869,1826
2535,1827
9206,1828
9731,1829
12653,1830
16040,1831
22554,1832
24752,1833
25869,1834
5829,1835
10990,1836
17305,1837
19923,1838
10922,1839
11820,1840
16012,1841
21468,1842
11943,1843
16428,1844
25783,1845
21607,1846
23091,1847
25570,1848
5443,1849
11733,1850
13930,1851
21548,1852
25614,1853
8475,1854
13387,1855
12738,1856
4846,1857
10841,1858
11292,1859
25124,1860
1671,1861
8078,1862
11460,1863
16754,1864
1710,1865
3173,1866
6725,1867
6812,1868
13702,1869
20045,1870
20853,1871
5410,1872
5502,1873
10389,1874
11185,1875
7521,1876
9943,1877
17085,1878
21340,1879
16009,1880
22695,1881
25584,1882
3525,1883
15785,1884
134,1885
1775,1886
4101,1887
12310,1888
12674,1889
15815,1890
19944,1891
26175,1892
1549,1893
20951,1894
24279,1895
364,1896
9510,1897
14551,1898
15584,1899
16905,1900
17186,1901
18578,1902
18735,1903
19790,1904
1228,1905
1861,1906
3193,1907
3531,1908
5399,1909
7153,1910
9945,1911
10380,1912
11106,1913
17933,1914
22720,1915
24128,1916
214,1917
184,1918
350,1919
1073,1920
1857,1921
4511,1922
6891,1923
8279,1924
14541,1925
17750,1926
18094,1927
18142,1928
18648,1929
18942,1930
19572,1931
22600,1932
22792,1933
3876,1934
4353,1935
5411,1936
6543,1937
7356,1938
7718,1939
10476,1940
11444,1941
12787,1942
18184,1943
19245,1944
19462,1945
20779,1946
21860,1947
22283,1948
22740,1949
23513,1950
18160,1951
11092,1952
164,1953
292,1954
3227,1955
6555,1956
17193,1957
6523,1958
22435,1959
9503,1960
5358,1961
2914,1962
10955,1963
20088,1964
25357,1965
2349,1966
2384,1967
20782,1968
25404,1969
15208,1970
15668,1971
10806,1972
21465,1973
6831,1974
19556,1975
1089,1976
3989,1977
4634,1978
4758,1979
15165,1980
24859,1981
6374,1982
10518,1983
20229,1984
4774,1985
7094,1986
9137,1987
9431,1988
20228,1989
2925,1990
22274,1991
6022,1992
13623,1993
19681,1994
17858,1995
6074,1996
13931,1997
14498,1998
20344,1999
4022,2000
11901,2001
13646,2002
19145,2003
22698,2004
23621,2005
25056,2006
11616,2007
21028,2008
12039,2009
1216,2010
268,2011
1149,2012
1610,2013
2164,2014
3943,2015
5487,2016
6032,2017
8127,2018
9973,2019
12734,2020
14429,2021
19876,2022
20494,2023
21637,2024
21707,2025
22241,2026
23232,2027
24125,2028
25647,2029
3500,2030
16277,2031
24704,2032
19354,2033
22017,2034
25659,2035
3311,2036
11492,2037
5058,2038
21529,2039
13484,2040
11031,2041
10718,2042
2199,2043
17728,2044
20051,2045
21829,2046
378,2047
6063,2048
9438,2049
10906,2050
4637,2051
23908,2052
18236,2053
19218,2054
18170,2055
84,2056
5412,2057
8629,2058
16520,2059
20516,2060
26004,2061
8773,2062
5208,2063
6942,2064
22747,2065
24056,2066
25901,2067
1013,2068
12111,2069
17439,2070
19149,2071
21026,2072
8086,2073
15522,2074
17338,2075
19710,2076
20306,2077
1193,2078
21857,2079
7828,2080
5359,2081
19543,2082
714,2083
16553,2084
4251,2085
24450,2086
23855,2087
6094,2088
7445,2089
25235,2090
2851,2091
12598,2092
25055,2093
25720,2094
11637,2095
7245,2096
17239,2097
25090,2098
13969,2099
79,2100
8741,2101
23062,2102
19902,2103
25468,2104
2850,2105
11415,2106
23750,2107
8551,2108
1594,2109
1909,2110
2292,2111
4134,2112
4553,2113
9315,2114
16497,2115
17938,2116
21586,2117
24159,2118
25353,2119
10675,2120
24960,2121
8304,2122
22770,2123
1735,2124
1913,2125
7585,2126
14423,2127
19461,2128
2568,2129
5545,2130
3653,2131
11556,2132
14153,2133
15476,2134
15881,2135
280,2136
5240,2137
9470,2138
20764,2139
3947,2140
4012,2141
25515,2142
25683,2143
545,2144
8640,2145
19921,2146
23174,2147
21205,2148
25661,2149
886,2150
3720,2151
9633,2152
14780,2153
18971,2154
25320,2155
8073,2156
13163,2157
14540,2158
15126,2159
18523,2160
16229,2161
20701,2162
25224,2163
69,2164
4726,2165
15558,2166
122,2167
23239,2168
3979,2169
16961,2170
3820,2171
17990,2172
3874,2173
9093,2174
19060,2175
2079,2176
4068,2177
5384,2178
1967,2179
9081,2180
9305,2181
15941,2182
1587,2183
2804,2184
8062,2185
9418,2186
5826,2187
6350,2188
6526,2189
10880,2190
5366,2191
14982,2192
19143,2193
24182,2194
2183,2195
3192,2196
4370,2197
15997,2198
23865,2199
26003,2200
11821,2201
21015,2202
21168,2203
2935,2204
10353,2205
18904,2206
21562,2207
15197,2208
18066,2209
18296,2210
19780,2211
10185,2212
1326,2213
6737,2214
10824,2215
25862,2216
4381,2217
2788,2218
6640,2219
15919,2220
18232,2221
24581,2222
24582,2223
6582,2224
15959,2225
15973,2226
17563,2227
18781,2228
23882,2229
14032,2230
25382,2231
22196,2232
9254,2233
20064,2234
22916,2235
23909,2236
25571,2237
25581,2238
192,2239
9992,2240
10818,2241
11230,2242
12148,2243
20128,2244
23113,2245
4877,2246
5183,2247
8642,2248
11966,2249
21778,2250
24502,2251
24941,2252
2118,2253
7636,2254
11441,2255
13650,2256
80,2257
1028,2258
3818,2259
868,2260
3617,2261
14708,2262
121,2263
6529,2264
6706,2265
6910,2266
15478,2267
3523,2268
19926,2269
19349,2270
25958,2271
7280,2272
25596,2273
726,2274
8470,2275
16648,2276
18330,2277
19468,2278
1104,2279
14984,2280
17910,2281
26126,2282
20214,2283
21332,2284
18624,2285
7583,2286
12048,2287
12762,2288
17381,2289
407,2290
13833,2291
17148,2292
23266,2293
5842,2294
11212,2295
25876,2296
5360,2297
18096,2298
271,2299
2911,2300
11810,2301
11839,2302
19011,2303
20304,2304
4482,2305
6174,2306
6265,2307
8214,2308
8309,2309
21400,2310
4672,2311
7474,2312
11425,2313
23672,2314
26087,2315
2796,2316
9313,2317
12290,2318
12638,2319
13291,2320
13319,2321
12663,2322
1108,2323
9125,2324
10654,2325
11609,2326
12741,2327
18444,2328
4051,2329
194,2330
17207,2331
19167,2332
20118,2333
21928,2334
17588,2335
6532,2336
8154,2337
14164,2338
24203,2339
25910,2340
24505,2341
24594,2342
9482,2343
25249,2344
1257,2345
12031,2346
12796,2347
21583,2348
6433,2349
21161,2350
10878,2351
11924,2352
15081,2353
18594,2354
8786,2355
11978,2356
16273,2357
22721,2358
182,2359
3981,2360
9089,2361
17542,2362
18722,2363
21089,2364
24588,2365
23144,2366
7572,2367
8192,2368
16575,2369
16888,2370
18520,2371
21390,2372
243,2373
1352,2374
3285,2375
4764,2376
16899,2377
18029,2378
22245,2379
3751,2380
4649,2381
15970,2382
24173,2383
16764,2384
17016,2385
17160,2386
8924,2387
16504,2388
20254,2389
21449,2390
3742,2391
838,2392
2393,2393
5847,2394
7097,2395
12641,2396
21183,2397
23148,2398
4441,2399
7934,2400
25895,2401
12405,2402
16484,2403
3033,2404
6155,2405
18380,2406
19685,2407
20334,2408
22522,2409
2450,2410
2340,2411
3507,2412
12640,2413
13067,2414
23722,2415
9712,2416
1962,2417
4301,2418
8474,2419
19021,2420
26180,2421
363,2422
395,2423
13615,2424
15213,2425
23265,2426
5424,2427
2783,2428
16108,2429
16223,2430
21807,2431
24160,2432
21926,2433
6625,2434
10804,2435
25068,2436
25627,2437
2238,2438
10651,2439
17983,2440
22146,2441
22978,2442
24591,2443
2876,2444
3875,2445
7480,2446
9337,2447
12610,2448
12860,2449
15174,2450
22492,2451
4300,2452
16264,2453
21613,2454
7577,2455
14833,2456
15820,2457
22099,2458
11606,2459
19350,2460
2562,2461
8436,2462
12070,2463
2769,2464
6805,2465
11805,2466
8677,2467
8300,2468
266,2469
24239,2470
6631,2471
8385,2472
12186,2473
13152,2474
14344,2475
10080,2476
3184,2477
13290,2478
20546,2479
20791,2480
7884,2481
19550,2482
22189,2483
9757,2484
17005,2485
1858,2486
4297,2487
15191,2488
17273,2489
18940,2490
20901,2491
21797,2492
3630,2493
23900,2494
13701,2495
14666,2496
17873,2497
18151,2498
19977,2499
198,2500
16934,2501
6481,2502
24147,2503
11628,2504
17098,2505
11324,2506
11317,2507
12719,2508
25728,2509
12742,2510
21711,2511
949,2512
1264,2513
1838,2514
3062,2515
3501,2516
4445,2517
5638,2518
6008,2519
6895,2520
9735,2521
9979,2522
13469,2523
15125,2524
16880,2525
17827,2526
17874,2527
18209,2528
19139,2529
19315,2530
23094,2531
23863,2532
25909,2533
25916,2534
14285,2535
17130,2536
20939,2537
6038,2538
6175,2539
6302,2540
15160,2541
20948,2542
22878,2543
18214,2544
19050,2545
21124,2546
2655,2547
14559,2548
24250,2549
1097,2550
16106,2551
26170,2552
8149,2553
16702,2554
13201,2555
22252,2556
4127,2557
5737,2558
5477,2559
6537,2560
8348,2561
12041,2562
17251,2563
18141,2564
13500,2565
16215,2566
1489,2567
20812,2568
4780,2569
6080,2570
6918,2571
19357,2572
23615,2573
4755,2574
5496,2575
8297,2576
12708,2577
18442,2578
18657,2579
18666,2580
26156,2581
449,2582
11283,2583
11909,2584
23476,2585
11922,2586
4292,2587
20615,2588
11601,2589
5635,2590
17987,2591
2882,2592
4014,2593
25188,2594
2054,2595
2559,2596
4145,2597
10925,2598
12552,2599
18667,2600
15494,2601
9263,2602
12613,2603
24969,2604
10639,2605
15246,2606
17425,2607
3036,2608
9711,2609
10725,2610
16481,2611
17989,2612
23150,2613
2338,2614
24593,2615
5476,2616
13496,2617
14495,2618
19456,2619
5528,2620
5654,2621
2770,2622
5416,2623
13351,2624
13618,2625
18584,2626
20512,2627
4116,2628
16470,2629
4198,2630
6442,2631
19931,2632
19935,2633
25863,2634
2117,2635
26131,2636
17943,2637
20883,2638
199,2639
491,2640
4421,2641
6707,2642
7012,2643
8150,2644
9019,2645
9020,2646
9207,2647
9721,2648
16718,2649
16881,2650
17015,2651
17021,2652
19585,2653
19677,2654
24860,2655
9993,2656
17275,2657
18382,2658
12700,2659
18878,2660
11840,2661
20549,2662
4210,2663
7103,2664
11669,2665
11875,2666
17807,2667
24120,2668
25961,2669
22282,2670
15823,2671
21194,2672
15170,2673
15304,2674
17863,2675
23416,2676
4138,2677
5697,2678
9658,2679
10495,2680
11712,2681
20001,2682
25597,2683
25606,2684
25660,2685
4137,2686
11327,2687
2454,2688
14352,2689
14885,2690
2042,2691
6314,2692
21130,2693
23858,2694
5155,2695
7482,2696
10903,2697
12706,2698
14281,2699
17932,2700
293,2701
8625,2702
21545,2703
11458,2704
6705,2705
8427,2706
10636,2707
18602,2708
21339,2709
12867,2710
17179,2711
17737,2712
18153,2713
16212,2714
20382,2715
24869,2716
6702,2717
12802,2718
13998,2719
15595,2720
17591,2721
18919,2722
15656,2723
10877,2724
26019,2725
11033,2726
18763,2727
22432,2728
9092,2729
13679,2730
13345,2731
6182,2732
368,2733
7726,2734
16432,2735
16569,2736
5600,2737
7644,2738
13674,2739
4185,2740
12615,2741
4484,2742
16265,2743
1821,2744
6502,2745
3772,2746
12886,2747
21694,2748
1593,2749
4773,2750
5672,2751
15381,2752
16716,2753
19602,2754
15171,2755
17075,2756
19017,2757
17594,2758
5077,2759
25171,2760
11034,2761
21863,2762
4283,2763
9642,2764
13836,2765
15193,2766
15622,2767
17249,2768
23469,2769
25093,2770
26066,2771
6055,2772
17288,2773
23050,2774
8822,2775
9193,2776
6634,2777
9215,2778
19018,2779
22506,2780
5518,2781
5729,2782
11046,2783
15251,2784
21288,2785
26166,2786
25111,2787
13388,2788
6184,2789
23223,2790
24411,2791
5362,2792
252,2793
4633,2794
17121,2795
21050,2796
2258,2797
10316,2798
11815,2799
6447,2800
1345,2801
2135,2802
9590,2803
17452,2804
308,2805
2185,2806
6011,2807
10676,2808
11029,2809
13703,2810
17014,2811
23945,2812
25610,2813
1049,2814
17119,2815
9594,2816
6743,2817
1124,2818
8054,2819
8525,2820
9485,2821
11536,2822
12452,2823
18879,2824
18908,2825
19961,2826
23475,2827
19077,2828
20426,2829
8519,2830
16176,2831
21099,2832
21155,2833
9124,2834
15942,2835
15625,2836
1153,2837
12016,2838
12929,2839
8703,2840
17590,2841
12160,2842
19161,2843
1092,2844
3058,2845
9648,2846
10250,2847
25902,2848
4142,2849
6807,2850
7801,2851
17126,2852
20553,2853
21776,2854
22107,2855
23554,2856
25717,2857
4246,2858
4249,2859
8725,2860
9490,2861
11378,2862
11404,2863
15195,2864
15937,2865
17125,2866
17763,2867
231,2868
1074,2869
8736,2870
13480,2871
13861,2872
16741,2873
24401,2874
127,2875
4352,2876
6557,2877
6919,2878
14864,2879
15940,2880
16876,2881
9999,2882
17336,2883
21633,2884
850,2885
2712,2886
13198,2887
16836,2888
18031,2889
19567,2890
20003,2891
1340,2892
1407,2893
4272,2894
5258,2895
7354,2896
9142,2897
14356,2898
16331,2899
19939,2900
852,2901
8440,2902
16069,2903
16086,2904
17230,2905
19433,2906
23943,2907
24498,2908
10061,2909
23680,2910
23726,2911
2168,2912
5937,2913
16083,2914
18723,2915
18738,2916
19580,2917
20953,2918
23990,2919
6628,2920
8785,2921
14077,2922
22087,2923
22223,2924
4640,2925
17936,2926
21659,2927
12055,2928
2760,2929
14646,2930
4268,2931
26158,2932
3065,2933
5433,2934
7990,2935
8115,2936
11608,2937
15383,2938
16945,2939
17611,2940
15527,2941
162,2942
3824,2943
20892,2944
10909,2945
25776,2946
14770,2947
24126,2948
2142,2949
12117,2950
15328,2951
25115,2952
12688,2953
17559,2954
21696,2955
17598,2956
19441,2957
12418,2958
3506,2959
11625,2960
19312,2961
21754,2962
19355,2963
23464,2964
597,2965
5254,2966
8863,2967
16130,2968
16234,2969
16279,2970
17136,2971
23809,2972
1727,2973
5655,2974
6081,2975
18487,2976
22609,2977
6389,2978
5730,2979
6279,2980
1498,2981
20260,2982
24001,2983
23652,2984
5224,2985
3848,2986
7009,2987
7505,2988
9311,2989
20780,2990
8727,2991
11226,2992
5861,2993
7958,2994
17568,2995
18972,2996
19206,2997
19579,2998
3987,2999
16347,3000
4016,3001
7887,3002
17290,3003
1007,3004
2184,3005
8368,3006
11823,3007
12065,3008
16887,3009
20807,3010
21814,3011
1984,3012
9762,3013
21656,3014
16224,3015
21403,3016
26057,3017
9892,3018
20525,3019
5201,3020
17799,3021
21994,3022
3187,3023
3135,3024
9247,3025
11107,3026
13965,3027
4188,3028
16233,3029
17250,3030
18372,3031
20556,3032
19870,3033
25525,3034
23785,3035
25533,3036
11630,3037
11860,3038
18579,3039
18622,3040
20216,3041
25435,3042
21587,3043
17796,3044
1666,3045
4257,3046
5607,3047
5770,3048
6674,3049
7385,3050
16263,3051
17400,3052
18740,3053
19894,3054
20314,3055
23740,3056
25106,3057
25438,3058
16280,3059
24727,3060
2761,3061
22377,3062
9985,3063
11718,3064
4466,3065
21657,3066
23489,3067
1668,3068
12702,3069
5259,3070
6809,3071
13635,3072
16695,3073
17738,3074
19604,3075
5837,3076
11571,3077
21629,3078
6072,3079
9390,3080
2058,3081
11745,3082
21799,3083
22371,3084
6464,3085
11562,3086
15890,3087
17384,3088
1598,3089
5811,3090
17247,3091
20617,3092
20852,3093
9391,3094
24251,3095
13421,3096
16348,3097
11938,3098
17190,3099
1349,3100
1022,3101
1674,3102
2511,3103
3057,3104
11814,3105
20923,3106
23419,3107
19463,3108
23967,3109
9596,3110
11819,3111
17018,3112
17120,3113
7810,3114
22268,3115
25271,3116
1786,3117
1278,3118
14549,3119
15257,3120
7070,3121
8194,3122
15950,3123
399,3124
4378,3125
6540,3126
6904,3127
8215,3128
14497,3129
17501,3130
17739,3131
5407,3132
19608,3133
11065,3134
2339,3135
2442,3136
6917,3137
7649,3138
8183,3139
8624,3140
14368,3141
15394,3142
17582,3143
25976,3144
18683,3145
19500,3146
20941,3147
17723,3148
25956,3149
25957,3150
8262,3151
12045,3152
19125,3153
2181,3154
3552,3155
15570,3156
10917,3157
20252,3158
15387,3159
15386,3160
3954,3161
10531,3162
7523,3163
8720,3164
15004,3165
15371,3166
16021,3167
18684,3168
22082,3169
22104,3170
11521,3171
8856,3172
12234,3173
22128,3174
25386,3175
2825,3176
23215,3177
8529,3178
10905,3179
21143,3180
1072,3181
18398,3182
14148,3183
3749,3184
8146,3185
11615,3186
14661,3187
16647,3188
19559,3189
22198,3190
23529,3191
4288,3192
9134,3193
12159,3194
19808,3195
4026,3196
7449,3197
835,3198
16746,3199
18192,3200
9094,3201
12042,3202
18741,3203
22889,3204
26043,3205
8875,3206
10989,3207
4254,3208
4770,3209
5250,3210
18255,3211
18336,3212
20235,3213
11278,3214
9831,3215
17749,3216
22975,3217
25608,3218
123,3219
14318,3220
15662,3221
16936,3222
18051,3223
20257,3224
9150,3225
25855,3226
2046,3227
3631,3228
15382,3229
24384,3230
3715,3231
8390,3232
14496,3233
24100,3234
2387,3235
16954,3236
12980,3237
19641,3238
7591,3239
8178,3240
7578,3241
21652,3242
5541,3243
4079,3244
14746,3245
17462,3246
19323,3247
20566,3248
21549,3249
24219,3250
25178,3251
25552,3252
25553,3253
11467,3254
11469,3255
17803,3256
17293,3257
2308,3258
6531,3259
8552,3260
4632,3261
11592,3262
16817,3263
23647,3264
938,3265
1833,3266
5055,3267
13663,3268
14036,3269
16939,3270
19612,3271
16334,3272
6912,3273
3593,3274
10023,3275
23712,3276
10375,3277
15324,3278
20343,3279
2000,3280
3632,3281
23063,3282
5082,3283
5083,3284
8710,3285
12711,3286
14323,3287
21408,3288
17123,3289
25718,3290
8260,3291
11463,3292
17996,3293
20661,3294
22836,3295
2315,3296
11928,3297
349,3298
950,3299
25675,3300
2531,3301
14066,3302
20085,3303
21771,3304
15714,3305
924,3306
8614,3307
6505,3308
9036,3309
13482,3310
14710,3311
23622,3312
23685,3313
863,3314
1310,3315
3982,3316
26012,3317
17881,3318
18378,3319
18216,3320
26172,3321
21296,3322
18446,3323
21164,3324
4987,3325
17124,3326
9912,3327
22381,3328
17883,3329
20537,3330
24031,3331
2008,3332
7308,3333
8155,3334
8402,3335
16010,3336
22928,3337
22992,3338
8731,3339
10021,3340
14931,3341
16658,3342
22376,3343
22805,3344
14808,3345
22952,3346
23949,3347
18488,3348
94,3349
15523,3350
3290,3351
12695,3352
14868,3353
6189,3354
10655,3355
11001,3356
11402,3357
20105,3358
24059,3359
25609,3360
22692,3361
23919,3362
4457,3363
5546,3364
5658,3365
7882,3366
8386,3367
12312,3368
15159,3369
19324,3370
21204,3371
22830,3372
1555,3373
11964,3374
14095,3375
23153,3376
15190,3377
5211,3378
6627,3379
19014,3380
19443,3381
25138,3382
9440,3383
10387,3384
8221,3385
21494,3386
6806,3387
2074,3388
3872,3389
4181,3390
10438,3391
14618,3392
2043,3393
4489,3394
17000,3395
18012,3396
9146,3397
24397,3398
5215,3399
17289,3400
20154,3401
1044,3402
6264,3403
5401,3404
15946,3405
2202,3406
7593,3407
21129,3408
21614,3409
2621,3410
4959,3411
16269,3412
16101,3413
17955,3414
20374,3415
22462,3416
3877,3417
16583,3418
2996,3419
6887,3420
11663,3421
4711,3422
11016,3423
7631,3424
14169,3425
20413,3426
11426,3427
5239,3428
9073,3429
12424,3430
18274,3431
20635,3432
4639,3433
19247,3434
11108,3435
21561,3436
21148,3437
311,3438
16544,3439
12785,3440
13672,3441
7957,3442
25129,3443
14542,3444
21220,3445
9265,3446
2749,3447
20667,3448
3067,3449
5630,3450
16066,3451
19568,3452
2916,3453
6030,3454
2009,3455
8063,3456
20598,3457
178,3458
546,3459
1828,3460
1981,3461
3177,3462
4988,3463
18869,3464
20061,3465
22463,3466
6877,3467
11527,3468
22243,3469
11811,3470
24247,3471
8121,3472
9768,3473
15252,3474
16646,3475
22488,3476
23411,3477
25442,3478
8510,3479
22502,3480
13603,3481
4703,3482
8800,3483
12694,3484
15124,3485
15419,3486
25203,3487
384,3488
1322,3489
1605,3490
7071,3491
9889,3492
12848,3493
14376,3494
17980,3495
18233,3496
21219,3497
22224,3498
23505,3499
23619,3500
24331,3501
375,3502
2610,3503
16619,3504
1907,3505
16620,3506
12105,3507
1266,3508
1510,3509
15792,3510
18101,3511
20771,3512
23247,3513
26192,3514
10871,3515
2665,3516
24249,3517
9629,3518
10251,3519
16819,3520
22829,3521
14158,3522
5143,3523
24851,3524
8868,3525
298,3526
14173,3527
18745,3528
22050,3529
22074,3530
24712,3531
14615,3532
17816,3533
2355,3534
6336,3535
17418,3536
18104,3537
2772,3538
5660,3539
6528,3540
6542,3541
16485,3542
8522,3543
19963,3544
2341,3545
2515,3546
21997,3547
940,3548
13711,3549
16726,3550
22320,3551
23382,3552
25441,3553
19979,3554
5956,3555
7715,3556
11232,3557
14089,3558
18396,3559
25540,3560
2248,3561
6076,3562
6610,3563
8671,3564
19954,3565
21831,3566
3315,3567
9758,3568
11864,3569
3198,3570
19506,3571
12797,3572
854,3573
4260,3574
7771,3575
23298,3576
8870,3577
17089,3578
3771,3579
4103,3580
4430,3581
4966,3582
11151,3583
15615,3584
16261,3585
18994,3586
19561,3587
22086,3588
22108,3589
22838,3590
23682,3591
24476,3592
25303,3593
14853,3594
24488,3595
6834,3596
24218,3597
3320,3598
1150,3599
2409,3600
3842,3601
6300,3602
10246,3603
15413,3604
18742,3605
22031,3606
22902,3607
23673,3608
24293,3609
24705,3610
25997,3611
2123,3612
3292,3613
5824,3614
627,3615
9412,3616
13640,3617
1961,3618
1612,3619
13991,3620
15216,3621
15664,3622
16153,3623
21158,3624
914,3625
10437,3626
18623,3627
20557,3628
10025,3629
15315,3630
17248,3631
18065,3632
12786,3633
21620,3634
24876,3635
92,3636
17342,3637
20327,3638
9102,3639
10683,3640
11877,3641
18556,3642
21100,3643
19908,3644
23473,3645
7092,3646
7999,3647
17394,3648
18581,3649
22374,3650
23418,3651
2592,3652
10432,3653
3230,3654
4704,3655
4772,3656
6410,3657
8548,3658
10499,3659
16351,3660
17545,3661
19807,3662
21930,3663
22368,3664
22465,3665
25158,3666
22814,3667
28,3668
16750,3669
749,3670
19640,3671
23479,3672
23651,3673
1277,3674
777,3675
1047,3676
16742,3677
22234,3678
4375,3679
18245,3680
3717,3681
7510,3682
6641,3683
17276,3684
18208,3685
7246,3686
9458,3687
11828,3688
10337,3689
7522,3690
12457,3691
12459,3692
14843,3693
16650,3694
19377,3695
160,3696
96,3697
3104,3698
11417,3699
19582,3700
21820,3701
22718,3702
21683,3703
22719,3704
24168,3705
16871,3706
24815,3707
9870,3708
17178,3709
19995,3710
379,3711
20077,3712
5060,3713
20316,3714
12410,3715
8921,3716
9487,3717
17181,3718
22893,3719
10040,3720
13994,3721
10382,3722
13318,3723
16114,3724
21582,3725
25228,3726
2073,3727
10995,3728
19079,3729
750,3730
2654,3731
20007,3732
25865,3733
2086,3734
2992,3735
4376,3736
6270,3737
7022,3738
13403,3739
1562,3740
2456,3741
3533,3742
4638,3743
5064,3744
6386,3745
14378,3746
15144,3747
15561,3748
15707,3749
15713,3750
15804,3751
17344,3752
17579,3753
17583,3754
18395,3755
18951,3756
19676,3757
20230,3758
23240,3759
24615,3760
24616,3761
24818,3762
1156,3763
16333,3764
9921,3765
2503,3766
19584,3767
9986,3768
21553,3769
19597,3770
11215,3771
13814,3772
7462,3773
12317,3774
15149,3775
19799,3776
7694,3777
3826,3778
8594,3779
14690,3780
7024,3781
25539,3782
3238,3783
11464,3784
11576,3785
6665,3786
17985,3787
21189,3788
9216,3789
2595,3790
23461,3791
23463,3792
25643,3793
3451,3794
6441,3795
9967,3796
14382,3797
14651,3798
17680,3799
20586,3800
21591,3801
2143,3802
2773,3803
3054,3804
3651,3805
3654,3806
3765,3807
3813,3808
6387,3809
7095,3810
9248,3811
12050,3812
12422,3813
12884,3814
14807,3815
15172,3816
15188,3817
15998,3818
18941,3819
19704,3820
20249,3821
21029,3822
21824,3823
25107,3824
13683,3825
18282,3826
19300,3827
21813,3828
1403,3829
2561,3830
11198,3831
18551,3832
17140,3833
11461,3834
11611,3835
24943,3836
5813,3837
17689,3838
1655,3839
4039,3840
5827,3841
11841,3842
21530,3843
1991,3844
3101,3845
12413,3846
18561,3847
24438,3848
14430,3849
20536,3850
20542,3851
21338,3852
1091,3853
3195,3854
23225,3855
4032,3856
20781,3857
23729,3858
4624,3859
12295,3860
20958,3861
3118,3862
19003,3863
7102,3864
2502,3865
5464,3866
18140,3867
20662,3868
7383,3869
6943,3870
12659,3871
14371,3872
26177,3873
7023,3874
17392,3875
17826,3876
24206,3877
1280,3878
3652,3879
10162,3880
12550,3881
17587,3882
18620,3883
25286,3884
9961,3885
2505,3886
10681,3887
22427,3888
6353,3889
15187,3890
19059,3891
10003,3892
25233,3893
18313,3894
3683,3895
5394,3896
5444,3897
11140,3898
18369,3899
19446,3900
20433,3901
4262,3902
6858,3903
17998,3904
18281,3905
9958,3906
6007,3907
20913,3908
5080,3909
12255,3910
17236,3911
8876,3912
3279,3913
13190,3914
13012,3915
18898,3916
21292,3917
1106,3918
6972,3919
2949,3920
9334,3921
25234,3922
25667,3923
6454,3924
19800,3925
64,3926
357,3927
8503,3928
21151,3929
19378,3930
19246,3931
18585,3932
26,3933
11113,3934
19080,3935
24725,3936
12319,3937
12320,3938
19221,3939
18343,3940
3291,3941
10390,3942
1856,3943
3966,3944
12052,3945
879,3946
251,3947
15417,3948
4018,3949
5625,3950
24956,3951
4147,3952
9862,3953
8456,3954
15477,3955
24202,3956
8556,3957
8307,3958
21287,3959
26190,3960
3515,3961
7052,3962
12617,3963
13143,3964
15412,3965
18633,3966
1377,3967
7876,3968
3851,3969
11621,3970
15421,3971
2983,3972
8730,3973
10563,3974
8969,3975
15186,3976
3849,3977
9127,3978
112,3979
4102,3980
12311,3981
17993,3982
20946,3983
26020,3984
3203,3985
25936,3986
2475,3987
18983,3988
186,3989
1820,3990
21385,3991
865,3992
17824,3993
20172,3994
6304,3995
7725,3996
14869,3997
14871,3998
20315,3999
1492,4000
2451,4001
3810,4002
9026,4003
14152,4004
1435,4005
20063,4006
20330,4007
13863,4008
21153,4009
10132,4010
18217,4011
3066,4012
18720,4013
1292,4014
2620,4015
2622,4016
3282,4017
3811,4018
3819,4019
3823,4020
4833,4021
5130,4022
6221,4023
6455,4024
6524,4025
6867,4026
7524,4027
8447,4028
9432,4029
12801,4030
13481,4031
13525,4032
14156,4033
14372,4034
15147,4035
17599,4036
17818,4037
17822,4038
17823,4039
17999,4040
18443,4041
22323,4042
22900,4043
24473,4044
24478,4045
24614,4046
26038,4047
843,4048
889,4049
11196,4050
13034,4051
16109,4052
26129,4053
1915,4054
20952,4055
24462,4056
15705,4057
373,4058
20775,4059
25448,4060
24340,4061
23134,4062
17817,4063
19696,4064
23218,4065
23808,4066
11582,4067
19251,4068
3194,4069
24596,4070
17279,4071
2784,4072
3681,4073
19955,4074
2878,4075
7860,4076
2354,4077
12703,4078
17296,4079
16226,4080
25218,4081
25088,4082
819,4083
2514,4084
193,4085
8627,4086
4424,4087
7277,4088
14558,4089
2458,4090
6379,4091
1024,4092
1025,4093
1695,4094
15196,4095
18194,4096
13831,4097
17113,4098
20488,4099
7087,4100
7545,4101
8145,4102
21027,4103
23417,4104
10896,4105
5547,4106
15897,4107
11923,4108
25436,4109
6158,4110
19553,4111
24877,4112
5576,4113
23880,4114
12386,4115
19519,4116
23083,4117
23553,4118
19930,4119
23552,4120
22887,4121
12546,4122
25180,4123
12616,4124
17387,4125
6036,4126
3430,4127
163,4128
2141,4129
13282,4130
23857,4131
24600,4132
799,4133
13166,4134
15484,4135
20259,4136
4274,4137
4080,4138
13624,4139
17877,4140
24470,4141
18121,4142
1698,4143
2302,4144
7877,4145
8540,4146
8592,4147
17574,4148
17682,4149
17922,4150
18770,4151
24592,4152
25874,4153
12644,4154
16802,4155
12748,4156
16818,4157
24033,4158
17860,4159
5414,4160
4379,4161
16755,4162
3099,4163
18097,4164
16728,4165
2048,4166
9914,4167
19379,4168
1694,4169
1824,4170
6225,4171
14316,4172
20774,4173
4468,4174
9617,4175
11284,4176
12192,4177
2305,4178
10513,4179
3963,4180
4017,4181
9413,4182
12639,4183
16607,4184
16799,4185
4050,4186
21186,4187
21312,4188
26091,4189
11878,4190
21309,4191
2802,4192
2294,4193
5825,4194
21,4195
11182,4196
19439,4197
22617,4198
25042,4199
3073,4200
23415,4201
1100,4202
9029,4203
17853,4204
22486,4205
25890,4206
1822,4207
2002,4208
22030,4209
884,4210
2504,4211
17191,4212
19910,4213
25486,4214
6228,4215
6422,4216
7646,4217
1965,4218
8047,4219
15716,4220
10846,4221
10147,4222
4874,4223
4487,4224
15912,4225
11008,4226
20156,4227
21343,4228
22989,4229
23470,4230
3205,4231
6534,4232
6578,4233
2385,4234
16940,4235
8445,4236
18596,4237
11501,4238
11902,4239
12156,4240
12157,4241
24209,4242
12289,4243
17306,4244
20030,4245
1859,4246
3072,4247
3999,4248
17172,4249
3684,4250
25852,4251
8403,4252
24,4253
22890,4254
27,4255
7915,4256
21514,4257
21522,4258
4655,4259
18195,4260
23302,4261
24840,4262
4264,4263
5266,4264
5270,4265
7596,4266
7637,4267
7647,4268
11843,4269
7853,4270
1667,4271
4834,4272
15006,4273
10558,4274
18244,4275
10444,4276
21593,4277
22737,4278
6388,4279
6913,4280
18278,4281
7467,4282
10001,4283
12040,4284
14383,4285
17340,4286
24469,4287
15185,4288
8442,4289
15247,4290
13682,4291
21202,4292
21777,4293
26041,4294
3450,4295
7037,4296
17950,4297
832,4298
2809,4299
18144,4300
21798,4301
191,4302
4825,4303
4020,4304
26021,4305
6160,4306
7054,4307
19711,4308
21023,4309
8070,4310
17177,4311
23214,4312
3061,4313
16891,4314
19571,4315
7856,4316
11967,4317
19809,4318
14840,4319
919,4320
25903,4321
25828,4322
25848,4323
13354,4324
13021,4325
8076,4326
6299,4327
2116,4328
5181,4329
13310,4330
1878,4331
21547,4332
21808,4333
15608,4334
21176,4335
1173,4336
2711,4337
14175,4338
21017,4339
5478,4340
16123,4341
20806,4342
24333,4343
16414,4344
7045,4345
14709,4346
15681,4347
17156,4348
23092,4349
21546,4350
15356,4351
6075,4352
7310,4353
8628,4354
12614,4355
15162,4356
16482,4357
17730,4358
18912,4359
13989,4360
4554,4361
7481,4362
15680,4363
20792,4364
10345,4365
15686,4366
19142,4367
19382,4368
6290,4369
19222,4370
19738,4371
20567,4372
8451,4373
22232,4374
12611,4375
14842,4376
19207,4377
20568,4378
17584,4379
15217,4380
19702,4381
7956,4382
18894,4383
4824,4384
8036,4385
9592,4386
14620,4387
19607,4388
15249,4389
15588,4390
4835,4391
11897,4392
1027,4393
9923,4394
12261,4395
15180,4396
2330,4397
17460,4398
187,4399
22919,4400
372,4401
21578,4402
23774,4403
11011,4404
8197,4405
13009,4406
319,4407
1896,4408
5601,4409
6023,4410
17463,4411
17589,4412
18041,4413
21314,4414
22769,4415
5482,4416
18883,4417
22726,4418
2486,4419
3051,4420
6710,4421
16231,4422
22724,4423
14990,4424
20559,4425
10355,4426
19061,4427
8972,4428
14599,4429
23137,4430
4371,4431
10879,4432
16597,4433
3850,4434
7010,4435
8701,4436
18158,4437
15199,4438
15616,4439
7806,4440
11827,4441
2351,4442
1854,4443
2526,4444
5056,4445
7093,4446
10431,4447
5773,4448
16890,4449
2623,4450
24201,4451
21313,4452
15571,4453
7355,4454
22555,4455
19101,4456
747,4457
8810,4458
22020,4459
2331,4460
18543,4461
21595,4462
16782,4463
15641,4464
17562,4465
12251,4466
22403,4467
9025,4468
18668,4469
19865,4470
25544,4471
8537,4472
19449,4473
7535,4474
7533,4475
3382,4476
1343,4477
18125,4478
1321,4479
10924,4480
15194,4481
16067,4482
17466,4483
11610,4484
20778,4485
24489,4486
4275,4487
24158,4488
716,4489
17864,4490
1375,4491
4266,4492
1288,4493
1559,4494
4364,4495
1914,4496
12262,4497
21999,4498
25135,4499
15258,4500
347,4501
5659,4502
15846,4503
16154,4504
314,4505
5628,4506
10498,4507
16717,4508
25598,4509
11968,4510
1966,4511
18995,4512
831,4513
3386,4514
4702,4515
7446,4516
9763,4517
10116,4518
14339,4519
14369,4520
15005,4521
16230,4522
16589,4523
16729,4524
19956,4525
21847,4526
22319,4527
15711,4528
19595,4529
5364,4530
7768,4531
15976,4532
17117,4533
1291,4534
6647,4535
10340,4536
14839,4537
16039,4538
10935,4539
19508,4540
19509,4541
23686,4542
17292,4543
15667,4544
25613,4545
26005,4546
22393,4547
10177,4548
3743,4549
24132,4550
19255,4551
3988,4552
17470,4553
509,4554
22284,4555
10678,4556
114,4557
5267,4558
8670,4559
23756,4560
829,4561
16801,4562
9052,4563
12503,4564
10849,4565
12643,4566
20527,4567
1588,4568
7602,4569
23758,4570
15207,4571
1560,4572
4483,4573
22378,4574
21557,4575
19682,4576
22743,4577
22745,4578
1980,4579
5467,4580
5667,4581
6907,4582
8186,4583
18033,4584
19878,4585
25443,4586
3817,4587
3387,4588
6734,4589
23166,4590
2805,4591
9208,4592
913,4593
2242,4594
3441,4595
5161,4596
18632,4597
5118,4598
10516,4599
13035,4600
6445,4601
8035,4602
25113,4603
21543,4604
12,4605
7595,4606
11195,4607
19169,4608
7089,4609
6349,4610
4494,4611
8371,4612
11822,4613
13627,4614
15245,4615
16013,4616
20331,4617
23709,4618
5136,4619
6883,4620
1012,4621
19010,4622
2122,4623
70,4624
20802,4625
6355,4626
25230,4627
1550,4628
8057,4629
2327,4630
8335,4631
24463,4632
12744,4633
19022,4634
10467,4635
8397,4636
9326,4637
8738,4638
13356,4639
25114,4640
25851,4641
402,4642
3199,4643
4263,4644
17467,4645
25509,4646
3278,4647
1781,4648
13520,4649
18783,4650
8975,4651
3909,4652
10512,4653
25058,4654
25594,4655
7476,4656
19256,4657
22960,4658
19905,4659
26101,4660
13748,4661
12120,4662
13033,4663
6078,4664
19940,4665
14134,4666
13324,4667
14501,4668
20925,4669
15898,4670
16337,4671
21389,4672
81,4673
3843,4674
7594,4675
8117,4676
15801,4677
15687,4678
22691,4679
4954,4680
4953,4681
5408,4682
8622,4683
11925,4684
8339,4685
5838,4686
7025,4687
12191,4688
3052,4689
20882,4690
786,4691
12939,4692
2221,4693
2214,4694
10791,4695
15694,4696
20421,4697
21308,4698
20378,4699
1548,4700
22765,4701
23167,4702
24731,4703
4271,4704
2556,4705
2246,4706
9605,4707
4957,4708
5972,4709
10883,4710
12121,4711
16352,4712
1426,4713
11036,4714
2980,4715
4426,4716
6668,4717
9864,4718
8448,4719
13489,4720
19527,4721
22576,4722
25439,4723
18365,4724
25216,4725
4749,4726
19146,4727
20173,4728
7587,4729
7589,4730
3598,4731
14129,4732
14301,4733
5431,4734
12675,4735
11720,4736
12150,4737
15220,4738
11791,4739
16830,4740
5666,4741
3296,4742
14769,4743
23460,4744
2328,4745
24845,4746
8366,4747
14893,4748
1669,4749
22926,4750
3361,4751
3346,4752
16956,4753
8968,4754
25648,4755
25838,4756
2937,4757
18580,4758
1023,4759
12551,4760
16512,4761
21592,4762
22324,4763
18969,4764
2408,4765
3521,4766
4285,4767
4287,4768
18277,4769
2200,4770
14867,4771
16225,4772
5210,4773
11027,4774
21170,4775
22729,4776
1186,4777
6289,4778
8160,4779
12053,4780
21467,4781
13676,4782
18287,4783
23205,4784
4109,4785
16522,4786
17695,4787
15640,4788
5465,4789
12800,4790
19547,4791
10351,4792
15422,4793
18143,4794
4958,4795
6866,4796
19109,4797
9148,4798
17345,4799
20318,4800
16041,4801
5532,4802
781,4803
11538,4804
15226,4805
16654,4806
18150,4807
21810,4808
253,4809
7571,4810
20149,4811
22311,4812
25225,4813
23620,4814
11622,4815
23305,4816
5959,4817
8704,4818
11661,4819
14093,4820
19013,4821
24574,4822
8254,4823
14841,4824
3718,4825
5066,4826
6906,4827
8071,4828
8374,4829
9024,4830
13648,4831
19544,4832
25059,4833
25288,4834
15682,4835
19922,4836
20663,4837
21823,4838
25358,4839
1988,4840
4105,4841
7514,4842
17781,4843
18230,4844
18627,4845
17784,4846
15582,4847
24271,4848
18090,4849
24455,4850
25210,4851
11970,4852
937,4853
5086,4854
17935,4855
7635,4856
12553,4857
4277,4858
18182,4859
10521,4860
10560,4861
25677,4862
1659,4863
3376,4864
23067,4865
25630,4866
1382,4867
6736,4868
9987,4869
14619,4870
821,4871
9517,4872
16357,4873
18237,4874
4776,4875
15395,4876
26179,4877
19063,4878
359,4879
2303,4880
7601,4881
8306,4882
9513,4883
1958,4884
9722,4885
21712,4886
25469,4887
5445,4888
5631,4889
20432,4890
18557,4891
10817,4892
11015,4893
25595,4894
6512,4895
25137,4896
17274,4897
16800,4898
19450,4899
9578,4900
16931,4901
6533,4902
11560,4903
22380,4904
12862,4905
18389,4906
1835,4907
8399,4908
13386,4909
22047,4910
23423,4911
8152,4912
15181,4913
16727,4914
22318,4915
8053,4916
24503,4917
22604,4918
21622,4919
7478,4920
2753,4921
5510,4922
7264,4923
10055,4924
13389,4925
25175,4926
10381,4927
25481,4928
2222,4929
4265,4930
20215,4931
16642,4932
20034,4933
6169,4934
8880,4935
16608,4936
371,4937
14130,4938
12112,4939
16885,4940
141,4941
18625,4942
8734,4943
25061,4944
1792,4945
5480,4946
3753,4947
8184,4948
16495,4949
9038,4950
11910,4951
18612,4952
10496,4953
356,4954
23299,4955
24959,4956
21302,4957
733,4958
19220,4959
17469,4960
18771,4961
21948,4962
18193,4963
5696,4964
14357,4965
8557,4966
13716,4967
8533,4968
8675,4969
14638,4970
2072,4971
1661,4972
2612,4973
9223,4974
10153,4975
11409,4976
16829,4977
4143,4978
18595,4979
23770,4980
16621,4981
18453,4982
13030,4983
8737,4984
13333,4985
13619,4986
16311,4987
16313,4988
20514,4989
23914,4990
12265,4991
15677,4992
17133,4993
21435,4994
23145,4995
23487,4996
25574,4997
11990,4998
3185,4999
14181,5000
17536,5001
15357,5002
18035,5003
18337,5004
9630,5005
10897,5006
14174,5007
12306,5008
22979,5009
5386,5010
18155,5011
19144,5012
23759,5013
1982,5014
13011,5015
20942,5016
22109,5017
5230,5018
22310,5019
20083,5020
6575,5021
1620,5022
7108,5023
9017,5024
14373,5025
18298,5026
19686,5027
12750,5028
6306,5029
13485,5030
4258,5031
18687,5032
4629,5033
9920,5034
10671,5035
12511,5036
830,5037
11279,5038
15153,5039
14131,5040
4033,5041
9714,5042
9716,5043
8511,5044
25491,5045
25510,5046
1797,5047
4827,5048
5403,5049
24461,5050
11640,5051
14337,5052
22728,5053
676,5054
4425,5055
4241,5056
19465,5057
7542,5058
24127,5059
17580,5060
10445,5061
11410,5062
24241,5063
5852,5064
5491,5065
9978,5066
18093,5067
8869,5068
9830,5069
12472,5070
18387,5071
20653,5072
9866,5073
4036,5074
25662,5075
4195,5076
15400,5077
1050,5078
4244,5079
25663,5080
24139,5081
16822,5082
5570,5083
13801,5084
19552,5085
25446,5086
15961,5087
19891,5088
18416,5089
4642,5090
20319,5091
14989,5092
25974,5093
24707,5094
19442,5095
23491,5096
8394,5097
8724,5098
11053,5099
14762,5100
4431,5101
5061,5102
19880,5103
20765,5104
11717,5105
15552,5106
15373,5107
5489,5108
8473,5109
1975,5110
23671,5111
9188,5112
2115,5113
9764,5114
9773,5115
12033,5116
17934,5117
12247,5118
97,5119
10115,5120
4180,5121
17991,5122
8408,5123
2247,5124
11578,5125
15072,5126
16921,5127
20924,5128
22644,5129
13414,5130
7584,5131
15385,5132
23771,5133
734,5134
6077,5135
73,5136
2297,5137
16128,5138
8716,5139
10637,5140
13557,5141
8668,5142
9037,5143
12212,5144
21709,5145
22317,5146
24887,5147
22727,5148
2560,5149
23093,5150
1968,5151
8471,5152
24140,5153
16970,5154
5227,5155
20169,5156
18607,5157
14338,5158
22815,5159
7279,5160
7266,5161
20308,5162
8890,5163
11892,5164
25666,5165
6775,5166
24732,5167
18454,5168
2333,5169
10179,5170
17586,5171
11214,5172
23155,5173
23969,5174
7717,5175
19501,5176
3747,5177
17502,5178
10601,5179
20804,5180
11466,5181
19574,5182
4037,5183
7057,5184
23810,5185
1877,5186
12337,5187
15799,5188
9129,5189
25094,5190
20065,5191
1009,5192
2748,5193
5828,5194
11641,5195
25229,5196
5255,5197
5256,5198
22826,5199
16014,5200
22937,5201
15773,5202
20332,5203
4261,5204
6700,5205
10406,5206
5405,5207
22434,5208
11119,5209
16339,5210
17850,5211
20232,5212
4365,5213
409,5214
9210,5215
13412,5216
19472,5217
23811,5218
24213,5219
4115,5220
25495,5221
19313,5222
19879,5223
25542,5224
26018,5225
26047,5226
24819,5227
20706,5228
5485,5229
8365,5230
5260,5231
6281,5232
18907,5233
25530,5234
12049,5235
5363,5236
13,5237
14170,5238
14844,5239
5231,5240
19520,5241
